sentiment|review
1|Super smestaj....ima sve sto je potrebno,a za zimski period apartman topao-Vrh. Jezero je na par koraka,sto znaci i centar, al u krugu apartmankog naselja uvek je tisina sto mi je najbitnije. Vlasnica Olja je covek kojeg treba upaznati....srdacna, druzeljubiva,usluzljiva itd. Znaci, ni ste u centru a kao da jeste, ali bez onog svakodnevnog....urbanog. Cool
1|Olivera :) Puno putujemo, ali ovakvog domaÄ‡ina nismo imali. BriÅ¾na, paÅ¾ljiva, od pomoÄ‡i
1|Apartman prelep, ispunjava potrebe cele porodice, rado cemo ponovo doci
1|SmeÅ¡taj uredan i Äist, Olja kao domaÄ‡in izvanredna, niko nam joÅ¡ nije bio na usluzi kao ona. KonaÄno smo i za u buduÄ‡e naÅ¡li smeÅ¡taj koji nam odgovara.
1|lokacija i opremljenost objekta. objekat je opremljen svim potrebnim sadrzajima. namestaj kvalitetan i funkcionalan. posudja i sredstava za ciscenje u izobilju. prelepa terasa.
1|Trebalo bi postaviti kontejnere u krugu objekta (recimo na kraju ulice Belih rada) a od opreme u objektu dodati mikrotalasnu pecnicu.
1|Lokacija, domaÄ‡ica, ambijent
1|svaka preporuka
1|Mnogo reÄi a sve stanu u - savrÅ¡eno. Odmor koji Ä‡e moji klinci pamtiti zauvek. Mi smo svoje mesto na Zlatiboru naÅ¡li a i novu prijateljicu.
1|Izvanredan smeÅ¡taj i ljubaznost domaÄ‡ina
1|Higijena, dvoristeâ€¦
1|Slab pritisak vode, slab wi fi
1|Nije mi se dopalo sto u apartmanu neradesve sijalice i popriliÄno je mracno a i trava je neursdna nije pokosena
1|DeÄko za recepcijom je zaista preljubazan i susretljiv. Pobrinuo se da imamo parking, mogli smo ranije da se presvucemo i ostavimo stvari, pobrinuo se da nam nadje taxi. Apartman je dovoljno veliki, a kuhinja je dobro opremljena.
1|Apartman je nov i cist. Pogled je divan. Prevoz do centra dobro funkcionise.  Osoblje je fino.
1|ÄŒist, ureÄ‘en, moderan i udoban smeÅ¡taj. Idealan za porodice sa decom. PeÄ‘a koji nas je doÄekao nam je dao dosta korisnih informacija i bio sve vreme na raspolaganju. Lokacija odliÄna. Generalno DivÄibare su pravi odmor za duÅ¡u - Äist vazduh, bez guÅ¾ve, sadrÅ¾aja taman koliko treba.
1|Izuzetna blizina planine sa lepim skijaliÅ¡tima! Ljubaznost osoblja, meÅ¡tana, radnika, skijaliÅ¡tima I po restoranima!
1|Idealan produÅ¾eni vikend! 	Sve! Istakli bi ljubaznost domaÄ‡ina!
1|Veoma lep,Äist i udoban smeÅ¡taj.DomaÄ‡in ljubazan.Sve preporuke za boravak sa decom.
1|Objekat i lokacija.
1|Apartman je vrlo Äist,udoban,topao. Na lepom je mestu. Prijatno i za odrasle i za decu. Sve pohvale zaista! Sigurno Ä‡emo opet doÄ‡i!
1|Sve je bilo perfektno. DomaÄ‡ini veoma ljubazni, srdaÄni i uvek dostupni. Za svaku moguÄ‡u preporuku i pohvalu!
1|Odlicna lokacija, dogovor sa DivciBarom za rucak sa povlascenim cenama.
1|Pravi odmor za zaposlene, Å¡etnja i boravak u prirodi Sve vam je blizu i mir i tiÅ¡ina
1|ÄŒistoÄ‡a, ljubaznost domaÄ‡ina. Lokacija je odliÄna i okolina apartmana je odliÄna.
1|Manjak TV kanala, manjak posudja.
1|Lepa vikendica na dva minuta od MeÄ‡avnika, ljubazni domaÄ‡ini, niÅ¡ta nam nije falilo u vikendici, lep i prijatan porodiÄni odmor od pet dana.
1|Sjajna lokacija, prelepa i topla brvnara i divni domaÄ‡ini. BaÅ¡ smo uÅ¾ivali.
1|OdliÄno mesto za odmor! UÅ¾ivali u tiÅ¡ini i prelepoj prirodi. Za one koji to vole, dodatnu udobnost stvara i peÄ‡ na drva. U kuÄ‡i ima dovoljno posuÄ‘a i zaÄina kao i svega Å¡to moÅ¾e da vam zatreba a ni dragstori nisu daleko..
1|Lokacija je odliÄna.
1|Nemam primedbi.
1|DomaÄ‡ini su bili super. Å poret (Å¡tednjak) su prethodno zaloÅ¾ili i baÅ¡ je bilo toplo, iako imaju grejanje na struju i nije bilo potrebe ali je bilo autentiÄno. Prostor je ogroman, ima mesta za viÅ¡eÄlanu porodicu ili viÅ¡e parova. Parking je u dvoriÅ¡tu tako da je auto na sigurnom.
1|Sve je bilo izuzuzetno
1|ÄŒistoÄ‡a i prostranost obejkta. Poseban doÅ¾ivljaj je Å¡to je sve od drveta.
1|Uredno, cisto, u mirnom delu Mokre Gore. Sve preporuke. Imali smo mir i udobnost. Domacini divni. Sigurno se vracamo. ğŸ˜‰
1|Sve pohvale
1|Ljubaznost zaposlenih	1	beograd - apart k aoartments & rooms (5-7) Aerodrom je blizu 	Osoblje je fantastiÄno i uvek na usluzi. Lako smo se dogovorili oko svih detalja koji su mi bili vaÅ¾ni pre odlaska na aerodrom.
1|Sve bilo onako kako je predstavljeno.
1|Dorucak ok
1|Soba u suturenu iznad koje se nalazi kompletna rashlada
1|Dorucak odlican,lokacija ne bas
1|Udoban krevet,odliÄŒan dorucak Lep akvarijum
1|Dopalo nam se to Å¡to smo imali obezbijeÄ‘en parking, grijanje je bilo dobro.
1|Ljudi su stvarno bili za pohvalu. LanÄ paket me je Äekao u 3 ujutru na recepciji. Devojka na recepciji ljubazna, usluÅ¾na...
1|Osoblje odliÄno, doruÄak izvanredan.
1|Osoblje hotela je ljubazno, parking je dobar, a doruÄak je sasvim pristojan.
1|" Osoblje je preljubazno. Pozicija hotela odlicna,za svega par minuta hoda stize se do centra grada. Dorucak bogat i raznovrstan. Sve preporuke!"
1|Skoro sve
1|Lokacija, osoblje, doruÄak
1|Lokacija
1|Hotel je izvrstan. Mi smo bili vec dva puta. Izvrsna lokacija u samom centru grada. Kvalitetan i bogat dorucak. Preporucujem!
1|Lokacija i osobljeğŸ‘
1|Vrlo ljubzno osoblje, cisto, dobra lokacija
1|Lokacija fantastiÄna. Ima sauna. (Ima I teretana ali trenurno zatvorena ) ÄŒisto i uredno. Vrlo ugodan boravak. Osoblje veoma srdaÄno. NaruÄila sam iz restorana salate za room service i bile su vrlo ukusne !!
1|Lokacija hotela je izvanredna. Sve je dostupno na pjeÅ¡aÄkoj udaljenosti. Osoblje hotela je vrlo ljubazno i usluÅ¾no. Sobe su Äiste, uredne, imaju sve Å¡to vam je potrebno. Jedina mana hotela je malo slabiji doruÄak (ali je ok, s obzirom na covid mjere). Parking je takoÄ‘er problematiÄan, ukoliko na vrijeme niste rezervisali neko od dostupnih hotelskih mjesta (nemaju ih dovoljno pa se morate parkirati na nekom od javnih parkinga u blizini).
1|Par, Podgorica 	Mlad i ljubazan personal, Äisto i uredno, korektan doruÄak, operativan parking, blizina atraktivnih lokacija, Å¡etaliÅ¡te pored Save na 10 minuta hoda, pjeÅ¡aÄka zona KosanÄiÄ‡ev-ObiliÄ‡ev sa raznovrsnom ponudom restorana i kafiÄ‡a na 5 minuta hoda...toplo preporuÄujem.
1|Nemam zamjerki
1|Prostran apartman, lepo ureÄ‘an, prijatni domaÄ‡ini :)
1|"Lokacija, kreveti udobni, klima . Takodje svidelo mi se sto ima papuÄe"
1|Top lokacija ,dobri domaÄ‡ini , sve pohvale ...
1|Fenomenalan smeÅ¡taj u samom centru, odmah pored Å¡etaliÅ¡ta. Sve je bilo Äisto i lepo sreÄ‘eno. DomaÄ‡in Nemanja je bio veoma ljubazan.
1|Dobra lokacija. ÄŒist apartman. Gazdarica prijatna.
1|lokacija izuzetna, strogi centar, kroz pasaÅ¾ iz Dunavske ulice
1|Bilo je cisto i cisto je kupatilo.tv je ok.
1|Sve je bilo odlicno. ğŸ™‚
1|Sve je biloo super domacin jos bolji
1|Prostor je odliÄan, a sobe veoma prostrane. Sauna i jaccuzi odliÄni. Higijena na nivou. DomaÄ‡in opuÅ¡ten i ljubazan. Svakom bih preporuÄilağŸ˜Š
1|Kada je extra i ima dovoljno tople vode.
1|Gazda je zakon! Sinovi malo vise da se aktiviraju oko posla!
1|Sva je zaista bilo potpuno savrseno, jos je lepse uzivo nego na slikama. Sadrzaji objekta super, domacin vrlo ljubazan. Zaista svaka preporuka, vredelo je svakog dinara. Vraticemo se sigurno. ğŸ˜Š
1|OdliÄna lokacija. Parking.
1|Prostran apartman, vlasnik jako ljubazan. OdliÄna lokacija. Prijatna atmosfera. Sve pohvale
1|Spa je odliÄan, bazen Äist, lokacija dobra, soba uredna
1|Sve je bilo odliÄno! Udoban krevet, sobe sa privatnim Ä‘akuzijem i saunom, besplatan parking i nedaleko od centra.
1|Iznad svih ovekivanja!
1|Vlasnica izuzetno ljubazna, informisala nas je o svemu. Smestaj odlican. Apartman ima sve sto je potrebno ( posteljina, peskiri, posudje, fen, grejalica, tv sa kablovskom, wifi odlican).
1|Za svaku preporuku.
1|Apartman lep, cist, udoban. Vlasnici divni ljudi, kompleks ima sadrzaje, ne morate van hotela. Sve pohvale, sigurno cemo se vratiti.
1|Ljubazni domaÄ‡ini. Ponudili i raniji Check in.
1|OdliÄan odmor, uÅ¡uÅ¡kan apartman
1|Mirno,Äisto, divne pesaÄke staze.
1|Udobno, cisto I sto je najbitnije toplo
1|Sve je super, od smeÅ¡taja do sadrÅ¾aja planine. Udobno, Äisto, opremljeno 100%. Potok u dvoriÅ¡tu je neÅ¡to neverovatno.
1|Veoma prijatan domacin sa kojim se sve lako da dogovoriti.
1|Jako prijatan domacin, izvrsna lokacija i predivno dvoriste
1|Svez vazduh i puno zabave
1|Predivni ljudi, predivan apartman, vidimo se ponovo 10+
1|Apartman prostran za 4 osobe, sve Äisto, Spa se nalazi u istoj zgradi.
1|Apartman je odliÄan, dovoljno prostran za 4 putnika i sadrÅ¾i sve Å¡to je potrebno za boravak. Ima prostranu terasu da lepim pogledom. Sve preporuke.
1|Lep apartman, uredjen sa ukusom . Toplo, cisto i uredno.
1|OdliÄan smeÅ¡taj po pristupaÄnoj ceni, bez zamerke, vlasnik korektan i odgovoran
1|Prelep, moderno opremljen apartman, sve novo i kvalitetno. Predusretljiv i ljubazan domacin. Fantastican pogled kroz staklene zidove. Suncani pogled na planinu uz jutarnju kafu, uzivanje uz zalazak sunca posle skijanja. Divota. Bazen i spa odlicni. Osoblje hotela izuzetno ljubazno. Restoran i hrana super
1|Proveli smo super vikend na sunÄanom Kopaoniku. Kraj marta, a lepo skijanje i sunca, sunca,... Ipak, poseban utisak je apartman, a najlepÅ¡e u apartmanu je predivan panoramski pogled na planine... Nov nameÅ¡taj, lepo i ukusno sreÄ‘en,... odliÄan i udoban krevet, super tv, lepa terasa, komforan, topao,... za svaku preporuku. DoÄ‡i Ä‡emo opet, sigurno!
1|Pogled, nameÅ¡taj, terasa, parking, ljubazni domaÄ‡in
1|Prelep apartman,sa jos lepsim pogledom. ğŸ˜
1|Sve perfektno, sve pohvale i preporuke
1|Sve pohvale!!! Izuzetan
1|Preporuka za boravak kod Vlade,sve je ispostovano po dogovoru!
1|Sve je fenomnalno, udobno, jako cisto, novo, bas za odmor.
1|Izuzetno cisto, toplo, potpun sadrzaj apartmana, besplatan parking, prijatno osoblje, za svaku preporuku ğŸ‘ŒğŸ»"
1|Veoma lep, nov smestaj, cisto, toplo.Domacini ljubazni. Svaka preporuka.
1|Ljudi su ljubazni, Äisto je i lepo.
1|Lokacija super. Apartman odlicno sredjen.
1|Lokacija je odlicna!
1|dobra lokacija
1|Lokacija dobra
1|Fino, cisto, dovoljno za par dana odmora. Dobra lokacija, samo nema terasu.
1|Lokacija je jedino sto nam se dopalo
1|Lokacija, pogled, udobni kreveti i jastuci, opremljena kuhinja
1|Cisto lepo uredno
1|Ljubaznost gospoÄ‘e Evice i moguÄ‡nost izlaska u susret za sve Å¡to treba. Apartman je nov, Äist i uredan i jako lepo ureÄ‘en!
1|Predusetljivost Djordja da odgovori na vreme, pruzi sve trazene informacije kao i da izadje u susret po pitanju resavanja odredjenih zahteva. Usluga koja zasluzuje sve pohvale
1|Sve savrÅ¡eno
1|Sve novo, Äisto, udobno. Lokacija u samom centru
1|Lokacija je u strogom centru Å¡to je dobro za ljude koji dolaze sa malom decom. U blizini su prodavnica, pekara i apoteka Å¡to je odliÄno
1|Svaka preporuka za apartmane, Äisto, funkcionalno, udobno, ljubazni domaÄ‡ini.
1|Apartman je lepo sredjen i cist. Domacin nam je bio veoma ljubazan, pokazao nam je cele konake i pokazao lokalne kafice i restorane. Svka preporuka svima. Takodje domaÄ‡in nam je ponudio ÄetvorotoÄkase po veoma povoljnoj ceni i pokazao nam lokane puteve gde ih je zanimljivo provozati
1|Dorucak je bio korektan.
1|Lokacija je savrsena!
1|Sjajna lokacija koja kompenzuje sve ostale nedostatke.
1|"Odlicna lokacija. Prostran apartman i dobar odnos cene i kvaliteta.
1|Odlican apartman , odlicna lokacija, preporuka
1|Odlicna lokacija , lep smestaj . Sve pohvale !
1|Idealan kratki odmor na planini
1|Apartmani u samom centru ğŸ‘ğŸ»
1|Apartman je prelep, Å¾ivopisan i pun svetlosti i veselih boja kao na fotografijama. Priroda divna peÅ¡aÄke staze zanimljive. Sve u svemu odliÄan odmor.
1|Sjajan apartman na veoma dobroj lokaciji i dostupnim parkingom.
1|Sve je bilo zaista odliÄno. Svaka preporuka za ovaj smeÅ¡taj.ÄŒisto, pedantno. DomaÄ‡in Dubravka, predusretljiva. Prevoz do skijalista funkcioniÅ¡e u minut. Sve pohvale.
1|Apartman je cist, udoban, lep,siguran... Uzivali smo u prelepom vikendu krajem septembra. Od lepote pesacke staze zastaje dah. Spa je odlican. Iskrene preporuke za ovaj smestaj.
1|Apartman sredjen sa ukusom, veoma prijatan za boravak, veoma Äist, wifi brz i bez prekida, lokacija odliÄna. SmeÅ¡taj je izvanredan i preporuÄujem ga svima
1|Apartman je super, pogled divan....
1|Nije bilo sapuna ali sve u svemu Äisto i prelepo
1|Apartman je odliÄan. Preporuka!
1|Apartman je super sredjen,lep pogled,udoban krevetğŸ˜
1|Sve je kako je predstavljeno. Velika ugaona garnitura u dnevnom boravku bila je dovoljna za troje dece. U kuhinji smo naÅ¡li sve Å¡to nam je zatrebalo. Sve Å¡to je potrebno za prijatan boravak...
1|Odnos cene i kvaliteta. Mali stanÄiÄ‡ , svetao , moderno opremljen.OdliÄan wi-fi.Dobar odabir za ÄetvoroÄlanu porodicu.
1|Uredno, sreÄ‘eno sa ukusom, Äisto, udobno, opremljeno...
1|Uredan, Äist i prostran apartman. Idealan za ÄetvoroÄlanu porodicu. Sve preporuke.
1|Presladak , svetao i topao apartman sa svim neophodnim za boravak. Brz WiFi. Dobra komunikacija sa domaÄ‡inom , jednostavan check in i check out.
1|Lep cist i fino opremljen apartman.
1|Prezadovoljni smo sa svim... NajlepÅ¡e od svega je Å¡to je sve tako lepo podredjeno deci.
1|Funkcionalan apartman,svetao,cist.Osoblje kao i uvek ljubazno.
1|Sve je bilo super,topla preporuka
1|Priroda, mir, tiÅ¡ina. Niko nas nije uznemiravao. Bazen je na 10 metara, restoran na 10 metara - u oba objekta moÅ¾e da se uÄ‘e iz zgrade. Apartman je odliÄan, mi smo uspeli da ubacimo i prenosivi krevetac za dete. Sve je bilo super. VratiÄ‡emo se opet
1|Super je studio. Blizina ski lifta Treska, parking, mir, restoran, spa... Mi smo uÅ¾ivali. Vidimo se opet
1|Sve je bilo dobro i lepo,apartman je odlican!
1|Apartman je lep, Äist i uredan. DomaÄ‡ini su jako ljubazni i gostoprimivi. DoÄ‡iÄ‡emo ponovo definitivno
1|Sve je bilo savrÅ¡eno ğŸ™‚
1|Cisto, lepo, prijatno.
1|Odlicna lokacija za setnju i uzivanje, pogled neverovatan.
1|Jako lep smestaj, resort ce biti jedan od najlepsih kad se zavrsi. Apartman cist, moderno uredjen. Prepun sitnica koje bih ja licno ponela na odmor. Domacini su ostavili desetak knjiga koje mozete citati iz divan pogled sa vidikovca, mirisljavih svecica, lampica za lepse veceri. Takodje ima i knjiga i zanimacija za decu. Docekala nas je kafa i caj. Cist hedonizam. Takodje u apartmanu imate toster, sokovnik, secka, pa je pripremiti obroke lako kao kod kuce. Dobijete desetak peskira i rezervnu posteljinu tako da ni to ne morate nositi na put. Centar je na 2km precicom preko brda, i oko 4km kolovozom. Sto nije strasno jer svi dolazimo da setamo i planinarimo. I usput beremo borovnice ğŸ˜Š Ski staza je odmah ispred hotela, tako da predpostavljam da je zimi jos lepsi uzitak za skijase. Domacini su super, mozete u bilo kom trenutku da im pisete ili zovete ako nesto zatreba. Moja topla preporuka, mi cemo se sigurno opet vratiti! ğŸ¤—â¤
1|Bliznina Å¾iÄare. Bez buke.
1|Topla veza. Blizina sidra..
1|Apartman je nov. ÄŒistoÄ‡a je na zavidnom nivou. Grejanje je odliÄno. Opremljenost apartmana je potpuna, nismo primetili da neÅ¡to nedostaje. WiFi je stabilan i dovoljno brz. Broj TV kanala zadovoljavajuÄ‡i. Krevet superudoban, posteljina mirisna i Äista. Apsolutni mir i tiÅ¡ina Äini spavanje vrhunskim. Parking je veliki i vrlo blizu apartmana. Å½iÄara Treska je vrlo blizu objekta, na oko 100 metara. InaÄe lokacija je jedinstvena, neuporediva sa bilo kojom drugom.
1|Lokacija odlicna,apartman dobro opremljen,udoban,cist.Kada se kompleks zavrsi,ako se ostvari sve sto je zamisljeno,bice najbolji
1|Odlican apartman sa novim namjestajem i tehnikom a parking slobodan
1|Apartman je dobro opremljen, kreveti su prostrani i udobni.
1|Sve je odliÄno,potpuno nov,prelep apartman,ljubazni domacini
1|Sve je super, bas kako smo ocekivali
1|NajviÅ¡e nam se dopao bazen ğŸ˜Š.Hotel lep i cist.
1|Udoban i vrlo topao smeÅ¡taj, Å¡to je posebno vaÅ¾no ako ste skijaÅ¡i. Prostran, moderan i lep apartman, obezbedjen parking i karte za ski bus, skijaÅ¡nica na raspolaganju, osoblje preljubazno i tu za sva vaÅ¡a pitanja, u svakom momentu. UÅ¾ivali smo tokom celog boravka, a posebno u spa centru nakon skijanja ğŸ‘ŒğŸ»","SmeÅ¡taj za svaku preporuku!","Nemamo zamerki :)"
1|Nije bila teretana i igraonica za decu, ali sve ostalo je bilo bez greÅ¡ke ğŸ‘
1|Objekat zasluzuje zvezdice.
1|Sve je u najboljem redu od soba,peÅ¡kira,bazena,saune.... Sve je fenomenalno.
1|Grejanje izuzetno Äak za moje potrebe i previÅ¡e toplo.
1|Sve u svemu preporuka. Fenomenalno i dolazim ponovo
1|Sobe su ciste,kuhinja funkcionalna,krevet preudoban.Pogled na planine,2 terase u sklopu jednog apartmana.Voda u bazenu savrseno topla,to mi je bila najveca briga jer je novembar.Djakuzi kada ogromna.Nas vikend je prosao savrseno.Prekoputa objekta su market i restoran,okolina je trenutno gradiliste ali nama nije smetalo,otisli smo da se odmorimo i sve je bilo kako smo zamislili.Check in/check out bukvalno minut,divna recepcionerka.
1|Smestaj je odlican, sve je cisto, novo.. svima preporucujemo. Domacini su jako prijatni i gostoljubivi. Hvala na gostoprimstvu, rado cemo se opet vratiti!
1|Smestaj je cist, nov, jednom recju izuzetan. Poseduje sve sto je potrebno za udoban boravak. Spa je veoma dobar. Osoblje veoma ljubazno i profesionalno
1|Dopalo mi se sve sto belvedere nudi osoblje je ljubazno na raspolaganju cista 10 za spa centar voda topla u bazenu sve u svemu jedna 10 !
1|Sve je bilo besprekorno.Sve pohvale,dolazimo ponovo.
1|Nov objekat, Äisti i prostrani apartmani, obezbeÄ‘en parking za goste, ljubazno osoblje, opremljenost za normalan i ugodan boravak. Preporuka za lep i ugodan odmor bez guÅ¾ve i stresa
1|SmeÅ¡taj je izuzetno Äist, potpuno nov i ureÄ‘en. Bazen odliÄan i SPA takoÄ‘e. Osoblje izuzetno ljubazno i usluÅ¾no.
1|Izuzetno ljubazno osoblje. Sve je kao na slikama. SmeÅ¡taj je nov, Äist i uredan. Sobe su optimalno opremljene. Bazen i SPA je viÅ¡e od onog Å¡to smo oÄekivali, tako da je uÅ¾ivanje potpuno. DoÄ‡i Ä‡emo opet, u sezoni skijanja. Prodavnica je preko puta, restorana ima dovoljno u blizini. ğŸ˜€","OdliÄan smeÅ¡taj sa ljubaznim osobljem.
1|Sve pohvale za smeÅ¡taj i sadrÅ¾aj u objektu. Lokacija na odliÄnom mestu - blizina prodavnice i restorana. Posedovanje sopstvenog parking mesta na Kopaoniku je veliki plus za objekat. Ljubazni domaÄ‡ini.
1|OdliÄna pozicija objekta, savrÅ¡en pogled, ljubazno i predusretljivo osoblje, izuzetno Äisto.
1|ViÅ¡e od oÄekivanog. PonoviÄ‡u boravak u objektu do kraja godine, sigurno.
1|soblje je odliÄno bazen i spa u okviru zgrade samo liftom sides.
1|Sve je bilo odliÄno, sjajno je opremljen apartman, cist i udoban, welness apsolutni plus! osoblje izuzetno prijatno,prodavnica prekoputa, nekoliko restorana u neposrednoj blizini
1|Spa topla voda i ljubazno osoblje.
1|Osoblje je zaista ljubazno!
1|Veoma ljubazno osoblje! Nov i veoma cist objekat! Dobar djakuzi i sauna!
1|Izgled apartmana, ÄistoÄ‡a. Ljubazno osoblje. Bazen i Spa su odliÄni.
1|Urednost. SPA sadrÅ¾aj. ÄŒistoÄ‡a. Parking ispred objekta. Predusretljivo osoblje. OdliÄan smeÅ¡taj za porodice sa decom za ski break sa SPA sadrÅ¾ajem.
1|Cisto i ljubazno osoblje.
1|Vrlo gostoljubivo osoblje, prijatno i komunikativno.
1|Smestaj je bio vrlo uredan i cist. Ski bus karte su bile ukljucene u cenu kao i spa koji sadrzi bazen u zatvorenom prostoru, saunu i jakuzi. Sve preporuke! Vrlo prijatan i lep smestaj, odlican za ski avanturu.
1|Domacin je jako ljubazan i predusetljiv.
1|Prostrani apartmani sa dve spavaÄ‡e sobe, vrlo Äist bazen, lift, prijatni recepcioneri. ÄŒisto, novo i prijatno.
1|SmeÅ¡taj je odliÄan, bazen i spa centar sjajni. Osoblje izuzetno ljubazno,sve pohvale !
1|"Ljubazno osobe, lep apartman, cisto
1|OdliÄno mesto van centra Kopaonika
1|Sve pohvale za osoblje i smeÅ¡taj samo reÄi hvale
1|Super Äisto, izuzetno ljubazno osoblje, odliÄan odnos cene i kvaliteta, veoma lep apartman
1|Apartmani su izuzetni. Sve je novo, super ureÄ‘eno, vlasnici su fenomenalni, svaka preporuka.,Bajkoviti Kopaonik,Sve mi se izuzetno dopalo, jedino sto je kratko trajaloğŸ˜Š
1|Dobri domaÄ‡ini, prijatno mesto za odmor sa porodicom ili prijateljima. Svakome bih preporucila ovo divno mesto. odnos cena i usluge je fantastiÄan,Lek za duÅ¡u u vreme korone,Sve je bilo u redu. Ovo mesto nema mana. Za novac koji potroÅ¡ite, dobijate sve
1|Prelepi novi apartmani. Stvarno svaka preporuka.
1|Mnogo lepse nego na slikama.,
1|Apartman lep, cist, udoban, novoizgradjen..,
1|Vlasnici izuzetno ljubazni.
1|Sve novo i neverovatno Äisto.
1|Izuzetno kvalitetno i udobno.
1|Cena u odnosu na kvalitet preniska.,SavrÅ¡eno, novo, povoljno; ISKORISTITE!!!,Ove godine, pred kraj novembra, bez snega.
1|Lokacija, smeÅ¡taj, ljubazni domaÄ‡ini sve za svaku pohvalu i preporuku. FantastiÄno,OdliÄno!,
1|ObezbeÄ‘en parking.,Odnos cene i kvaliteta odliÄan.,-
1|Nov apartman Äist i veoma topao, sve je bilo super, parkng u sklopu objekta oÄiÅ¡Ä‡en s' obzirom da je bio veliki sneg. Tople preporuke.,Apartaman bajka je ispunio naÅ¡a oÄekivanja.,
1|ÄŒist apartman, mirno mesto, ljubazna i srdaÄna vlasnica Vlatka.,Veoma dobar,
1|Apartman je veliki, vrlo cist i ima sve sto vam je potrebno. Jedna od bitnijih stvari za nas je bio privatni parking na kom nas je uvek cekalo mesto.,prijatan boravak u podnozju planine,
1|Apartman je Äist i lep, to je Äista 10-ka skoro sve je novo, grejanje je odliÄno. Kreveti udobni,Lep apartman
1|Apartman na odlicnoj lokaciji, sve je izuzetno cisto i uredno, sjajna komunikacija sa domacinom, veoma opremljen, topla preporuka.,
1|SmeÅ¡taj je vrlo Äist i topao. 5min peÅ¡ke je udaljen od lifta za stazu Karaman Greben i zaista nema potrebe da se udje u auto sve vreme boravka. Iza smeÅ¡taja je i ski rental, a ni prodavnice nisu daleko.,DomaÄ‡ini su vam stalno na raspolaganju, ljubazni su i predusretljivi.,
1|Lep, uÅ¡uÅ¡kan, u potpunosti opremljen apartman. Lak dogovor, izuzetno ljubazni i predusretljivi. Za svaku preporuku.,Sve je bilo izvanredno.,
1|Mali, ali udoban i izuzetno topao apartman, ima sve sto je potrebno za odmor.,
1|Lokacija, udobnost i komunikacija su odliÄni, dobijate to Å¡to je preporuÄeno. Svi sadrÅ¾aji su vam blizu, a opet je tiho. Nama je posebno znaÄilo Å¡to dozvoljavaju Å¾ivotinje, a i Å¡to se ispostavilo da ima Netfliksa. :)
1|Preporuke!,Kompaktan apartman u centru, prima ljubimce, super komunikacija!,
1|Dobra komunikacija sa vlasnicom i domacinom.
1|Malo, ali Äisto, uredno, toplo i funkcionalno.
1|Posebna ljubaznost domaÄ‡ina koji je pomogao oko prtljaga, parking mesta, pronalaÅ¾enja ski Å¡kole...
1|Lokacija odlicna.,,
1|Apartman je bio odlican, cist, dobro opremljen, u samom centru.,Odlican apartman,
1|Odlicna lokacija smestaja, predusretljivost domacina, mogucnost grejanja i u letnjim mesecima.,Vrlo prijatan boravak u smestaju, preporucujem!,Bez zamerki.
1|Izuzetno cisto, odlicno opremljeno, na mirnoj lokaciji a blizu svega. Apartman koji nije veliki, ali sve odlicno zamisljeno i organizovano.,Nema negativnih komentara
1|Uredno, Äisto, dobro opremljeno, super lokacija.,,
1|OdliÄna lokacija, Äist apartman i lepo opremljen,Sve je bilo ok
1|Uredno, cisto, lokacija odlicna.,
1|Sve je bilo super. Nemamo zamerke.,
1|Lokacija odlicna, apartman topao, cist..sve je bilo odlicno,Apartman na dobroj lokaciji, topao i cist,
1|Izuzetan apartman, odliÄna lokacija, Äisto, udobno, posteljina nova, posuÄ‘e kvalitetno, novo, ljubazni domaÄ‡ini. ÄŒista petica.,
1|SmeÅ¡taj je zaista ok. Toplo. Komforno. OseÄ‡ala sam se kao kod kuÄ‡e. Blizu su ski staze. A to mi je bilo vaÅ¾no zbog dece. Mogli smo sa njima baÅ¡ aktivno da provedemo odmor. Dopalo mi se i to Å¡to je sve blizu i Å¡to nismo imali potrebu da palimo automobil.
1|Novo, cisto i opremljeno svim stvarima potrebnim za udoban boravak(posudje,peskiri,fen,posteljina,masina za posudje...)Na 300m od zice za stazu Malo Jezero i isto toliko od Idea supermarketa,cime je zaista odlicno pozicioniran da nema potrebe za prevozom i koriscenjem taxija. Ljubazni domacini,laki za komunikaciju i dogovor. Slike su verodostojne.
1|Sam objekat je i dalje u izgradnji,te nije radio lift tokom naseg boravka,ali radovi bi trebalo da budu gotovi za godinu dana,te bi tada ovo trebalo da bude sve jos i mnogo lepse. Parking ispred postoji i verovatno ima mesta u periodima kada nisu praznici(mi smo bili za vreme praznika i cinilo se da je pun parking). Takodje,recepcionar je sjajan i preljubazan.,Nov,moderno opremnljen apartman na super lokaciji,
1|Sve je bilo ekstra,nadamo se da cemo uskoro ponoviti ğŸ˜€,
1|Sve je super.,Sve pohvale,Nemam zamerku.
1|Udobno, cisto,
1|Objekat se nalazi na veoma dobroj lokaciji, udaljen je 5min laganog hoda od staze Malo Jezero, a do njega se moze vratiti i sa staze Suncana dolina. Skijasnica u objektu nudi uslugu rentiranja opreme kao i servis iste, a radi i u vreme nocnog skijanja.
1|Cetvorokrevetni apartman u kojem smo bili je veoma komforan, osetno veci nego slicni apartmani u drugim objektima na Kopaoniku.,Produzeni ski vikend u januaru,
1|Prezadovoljni smo i bilo nam je prelepo.
1|Apartman je fenomenalan, prostran i jako cist. Lokacija odlicna.
1|Mi cemo sigurno ponovo doci.,
1|Pogled, higijena, blizina ski centra,
1|lokacija odlkiÄna,lep aprtmana ali za 2 osobe najviÅ¡e, sve je novo i Äisto lokacija odliÄna,
1|Odlicna lokacija, lepo sredjen i nov apartman.,,
1|Lokacija je odlicna,Veoma dobar,
1|Izuzetna lokacija,Dobar,
1|Wi fi odliÄan, kablovska super. Lep dezen zidova. Udobni kreveti. Lepa difuzna rasveta.,Veoma zadovoljan.,
1|Lokacija, blizina svih sadrÅ¾aja,Veoma dobar,Higijena u kupatilu.
1|Sve je bilo u skladu sa ocekivanjima i vrlo pristojno za taj novac.
1|Lokacija je dobra i prostor je cist.
1|Dusanka, sobarica je jako fina, efikasna i operativna.,U SKLADU SA OCEKIVANJIMA,
1|Odlicna lokacija.,Dobar,
1|Lokacija je odlicna, hrana nije bila ukljucena,Ocekivano,
1|Odlicna lokacija, udobni kreveti, starije kupatilo ali cisto. Moglo je da bude toplije u sobi. Prodavnice blizu...,Odlicno...,
1|Lokacija,Za prave skijaÅ¡e viÅ¡e nego korektno,Kupatilo
1|Lokacija perfektna
1|Internet i tv programi sve super
1|Menjanju peskire
1|Voda uvek topla za tusiranje
1|Nema buke
1|Mali studio ali ima sve sto je potrebno
1|Vlasnik dostupan tj. odgovara brzo na sva pitanja i pozive,Boravak sa dvoje dece - januar 2021.
1|Par nekih sitnih popravki potrebno uraditi (slavina rasklimana, kvaka na prozoru itd..) nije bitno remetilo nas ostanak ali preporuka da se to popravi
1|Ljubazno i predusretljivo.osoblje kao i blizina svih vaÅ¾nih lokacija i sadrÅ¾aja razlog su da se ponovo vratimo :) WiFi radi dobro Å¡to je vaÅ¾no ukoliko vodite tinejdÅ¾ere :),,
1|Lokacija.,Lep odmor, dobra lokacija, higijena na nivou.,
1|OdliÄna lokacija, Äisto i udobno.,Veoma dobar,
1|Kreveti Ok, Äisto je, lepo ureÄ‘en prostor.,Prijatan,
1|Lokacija vrhunska,ÄistoÄ‡a ok,Veoma dobar,
1|Lepa planina,svez vazduh,ali malo vece cene u kaficima,Lep i ugodan vikend.,
1|Kreveti udobni, apartman renoviran, lokacija odlicna.,Sjajan,
1|Sve smo zatekli Äisto i udobno, apartman se nalazi u samom turistiÄkom centru i u neposrednoj blizini svih sadrÅ¾aja. Kuhinja je mala ali taman opremljena svime Å¡to je potrebno. Kupatilo je Äisto i moderno opremljeno a kreveti su izuzetno udobni.,,
1|Udobnost, sto je sve blizu...,Veoma dobar,
1|Lokacija odlicna.,
1|Apartments Suncani Vrhovi Kopaonik,6,0,Lokacija je izuzetna, soba ima odliÄan pogled.
1|Zaist daje osecaj da ste naplanini, sve je tu po nogom.
1|Svi lokali su blizu, sve Å¡to vam treba mozete da obavite jako brzo.
1|iskreno zu mala ulaganja u WC u i u kuhinji apartman bi mogao da bude sigurno jedan od boljih
1|Studio je odlican,sve je cisto i uredno,svaka preporuka.,
1|Odlican aparman za porodice. Bilo nam je veoma prijatno. Vlasnik I domacica vrlo jasni I laki za dogovor I komunikaciju. Cena je ok za Konake. Apartman je cist I prostran, sa dosta zgodnog inventara koji vam olaksavaju boravak. Sve je na dohvat ruke. Sledeci put bookiramo bar nedelju dana.,Fenomenalno!,
1|Sve je super!,
1|Lokacija,! Mali apartman ali ima sve Å¡to je potrebno. Osoblje predusretljivo.,OdliÄan mali apartman na dobroj lokaciji,Opremljenost posuÄ‘em.
1|Lokacija apartmana je dobra posto se nalazi u centru.
1|Smestaj je super za porodice sa decom.Super smo se proveli.Preporucio bih svakom ovaj apartman.,Super smestaj
1|SveÅ¾ vazduh i ljubazno osoblje restorana The Pub uÄinili su naÅ¡ boravak prijatnijim.,
1|Lokacija je veoma dobra i opremljenost apartmana.,
1|Uvek topla soba.,
1|OdliÄna lokacija. ÄŒistoÄ‡a na zavidnom nivou.,
1|Sve,Sve je bilo odliÄno,
1|Kreveti udobni i komforni,Objekat u samom centru,cist i udoban,Sve je super
1|Sve je bilo besprekorno jednostavno i odlicno!,Odlican provod na Kopu,Sve je bilo odliÄno!
1|OdliÄna lokacija.,
1|Lokacija odliÄna. Studio pristojan, Äisto, komforno.,Veoma dobar,
1|Apartman odlican, tacno u centru! Nikola je ljubazan, spreman da pomogne i dostupan za bilo koje nedoumice.,,
1|Kopaonik je Äaroban, lokacija smeÅ¡taja je odliÄna.,
1|Lokacija je super.,,
1|Odlican smestaj i usluga. Brz i lak dogovor u vezi checkin-a i checkout-a. Za svaku preporuku!,
1|uper lokacija, cist i uredan,
1|Lokacija je fenomenalna,soba ima lep pogled.
1|Ima dosta garderobera.Toalet ok.,,
1|Renovirani apartmani u Konacima. Å ta joÅ¡ poÅ¾eleti?,
1|Super apartman za vecu porodicu (2 djece). Lokacija je odlicna.
1|Ambijent, sve top.. zadovoljni,Vauu,Terasa
1|OdliÄan apartman, kao na slikama, udoban krevet i joÅ¡ udobniji jastuci. Od svih apartmana u naÅ¡oj zgradi, jedino smo mi i joÅ¡ jedan apartman imali terasna vrata i divan pogled na dvoriÅ¡te. Gazda apartmana je takoÄ‘e korektan, javio nam se da vidi da li smo stigli i da li smo zadovoljni. Sve u svemu, divan, opuÅ¡ten odmor u odliÄnom apartmanu, sigurno Ä‡emo doÄ‡i opet! ğŸ™‚,OdliÄan apartman, sve preporuke!ğŸ˜,
1|Sve....enterijer, okolina, sadrzaji, cistoca, blizina ski centra, profesionalnost i ljubaznost domacina, vlasnika apartmana.,Nera-najsladji apartman,
1|Ljubazni domaÄ‡ini, nov i komforan apartman sa higijenom na visokom nivou.,Bez zamerki
1|Lokacija odliÄna.Apartman lep i funkcionalan.DomaÄ‡in izuzetno ljubazan.,
1|partman je besprekorno Äist i uredan, kuhinja opremljena, sve pohvale.,
1|Dopala nam se lokacija samog apartmana u okviru hotela. Idealno za brzi prilaz sadrzajima koje hotel ima. Zatekli smo nov, Äist, uredan apartman, baÅ¡ kao Å¡to je na sajtu,,Jednostavno prijavljivanje, nov i udoban apartman. Tople preporuke za buduÄ‡e goste,
1|Lokacija, ÄistoÄ‡a, uredjenost odliÄni.,Veoma dobar,
1|Lokacija ok, Recepcija ok, Sve je ok,Zadovoljajuce u svakom pogledu
1|OdliÄna pozicija kuÄ‡e, blizina ski staza, blizina centra, mirna lokacija u prirodnom okruÅ¾enju. U apartmanu sve funcioniÅ¡e, kompletno je opremljen, uvek je toplo, wi fi je dobar, kablovska je na oba tv-a. Dobra stvar je Å¡to apartman ima svoj box za ski opremu na -2 nivou. U zgradi odliÄno funcioniÅ¡e lift, apartman je na 4. spratu.,Apartman Koko, Vila ZvonÄica,
1|Apartman Koko se nalazi na odliÄnoj lokaciji. Osiblje ljubazno. Svaka preporuka,Boravak u apartmanu je udoban,pogled je prelep. Sva preporuka za apartman KOKO.,
1|Apartman je mnogo boljeg rasporeda nego sliÄne kvadrature u drugim zgradama jer ima spavaÄ‡u sobu,doduse malu ali znaÄi kada deca pospavaju da mogu da se zatvore vrata. Lokacija je odliÄna jer se kratkim puticem izlazi direktno na stazu i mnogo znaÄi Å¡to ne mora da se hoda ulicama i sl.
1|Sobarica koja Äisti svakog dana, usisava, menja peÅ¡kire i sl. je ozbiljan plus u odnosu na druge App na Kopu gde posle ulaska viÅ¡e nikoga ne vidite do odlaska pa bi to bio razlog da se ponovo odluÄimo za ovaj smestaj.,,
1|objekat je na odlicnoj lokaciji. zgrada je skoro nova, skijaÅ¡nica dostupna skoro skijama. apartman je opremljen dobro.,odlicna lokacija, cisto,
1|Ski in je bio uzbudljiv:-),Usukano, tiho, veoma toplo, blizu glavnih desavanja i staza,
1|Udoban, Äist apartman, sa lepim pogledom na planinu. Dobra lokacija. SkijaÅ¡ica prostrana, topla, funkcionalna.,,
1|Smestaj sam po sebi cistoca kvalitet osecaj u prostoru.,,
1|Sve pohvale. Apartman Äist, grejanje odliÄno, kuhinja super opremljena. Osoblje raspoloÅ¾eno i uvek spremno da pomogne. Malo udaljeno od centra i ski staza, ali ako dolazite autom kompleks je na domak glavnog puta i ni ta udaljenost nije nikakv problem.
1|U blizini postoji i prodavnica.,
1|Cisto, toplo, ljubazno osoblje, sve pohvale..,
1|Perfektno! Pogled sa terase divan! Mnogo vise Nego sto smo ocekivali!,
1|Upravo smo se vratili sa Kopaonika i oduÅ¡evljeni smo naÅ¡im boravkom u app Milmari L17. Apartman je veoma Äist i odliÄno opremljen. Verujem da Ä‡e ispuniti oÄekivanja i najizbirljivijih. Pogled sa terasice na zalazak Sunca je nestvaran. Osoblje u Resortu Milmari je veoma druÅ¾eljubivo i prijatno. DoruÄak u restoranu je odliÄan, na bazi Å¡vedskog stola po ceni od 600din.
1|SPA centar se nalazi u objektu preko puta, odliÄno je opremljen i Äist, obuhvata dva nivoa (sa popustom cena je 1400din). SpoljaÅ¡nji bazen je, po nama, najlepÅ¡i na Kopaoniku. Trenutno je u izgradnji joÅ¡ jedan SPA centar u samom objektu gde je i app L17, kao i joÅ¡ jedan restoran u zgradi apartmana.
1|Sigurno Ä‡emo opet posetiti Kopaonik i boraviti u ovom apartmanu. Od srca ga svima preporuÄujemo.
1|Veliko HVALA divnoj Marini,
1|Prostrano, Äisto i uredno! Prelepa terasa, nestvaran zalazak sunca. Preporuka!,SavrÅ¡en smeÅ¡taj!,
1|Apartman je super, sve poseduje za odlican odmor, spa centar odlican ğŸ˜ƒ,
1|Sve pohvale za Marinu koja se maximalno potrudila da nam bude prijatan boravak!,Fantastican! Apartman, spa, restoran sve je za pohvalu a posebno Marina!,
1|Pogled na planinu sa terase, kao i zalazak sunca je bio oÄaravajuÄ‡i.,Kratko, ali slatko...,
1|Prostrano,cisto,odlicno opremljeno,korektna lokacija,ljubazni domacini,vrlo prihvatljiva cena smestaja,
1|Nov namestaj, veoma toplo, prostrano, parking ispred zgrade.,Zadovoljni putnici,
1|Domacini prijatni apartman nov cist cak smo dobili i litar rakije od domacina za svaku pohvalu dobra lokacija.,Sve je super,
1|Apartman je odliÄno opremljen. Namestaj je nov. Lokacija veoma dobra. Grejanje je bilo odliÄno, baÅ¡ toplo, toplo. Parking odmah ispred objekta. DomaÄ‡in ljubazan. Sve pohvale.,Izuzetan apartman,Sve OK
1|Sve je bilo sjajno!,
1|Apartman je novoopremljen, komforan, topao i funkcionalan. DomaÄ‡in ljubazan i predusretljiv. Sve pohvale, apsolutno najbolji odnos cene i kvaliteta.,
1|Divan smestaj,cist,veoma topao,udoban,divna priroda i pogled sa prozora... Sve pohvale !!!,
1|Apartman je definitivno lepsi nego na fotografijama! Domacini su bili izuzetno srdacni i ljubazni, sve je proteklo u najboljem redu, jako udoban apartman, ima sve sto je potrebno i osecali smo se kao kod svoje kuce!,Izuzetno udoban i pristupacan smestaj, izvanredan za porodicu ili par,
1|Grejanje je bilo odlicno, temperatura u aprtmanu je bila 25-26c. Po dogovoru, uvek je bilo parkinga ispred samog apartmana i sam apartman je bio dobro opremljen, nista nije falilo ili nedostajalo. Jovica je odlican domacin.,
1|Jako ljubazni domaÄ‡ini. Lokacija odmah ispod glavnog puta pa je tiÅ¡ina. NameÅ¡taj i apartman su novi tako da je sve radilo super posebno grejanje. Tv, internet rade super.
1|Veoma udoban apartman sa lepim pogledom na oko 5km od centra.,Udobnost i toplina,
1|Konforan, topao i udoban apartman. Prijatni vlasnici.,Apartman je za svaku preporuku.,
1|ÄŒisto i udobno... Prijatni domaÄ‡ini... I dobra lokacija ko ide ski-busom do centra jer je stanica na dvadesetak metara... Sve pohvale...,
1|Apartman je lep, nov, prostran. Parking ispred objekta.
1|bjekat veoma komforan, kuhinja snabdevena elementima, grejanje izuzetno,Iznad oblaka na Kopu,
1|Perfektno! Sve je besprekorno cisto i uredno! Sve je bilo na vrhunskom nivou. Ljubaznost osoblja. Luksuzni apartman sa terasom izazvao je veliko odusevljenje ğŸ˜Š Apartman je na odlicnoj lokaciji, mir i tisina vladaju. Pravi je RAJSKI KUTAK ğŸ˜ Sve preporuke! Od sada smo vasi gosti. Vidimo se opet! ğŸ˜Š Sve pohvale za vas!,
1|Domacica je bila od pomoci i veoma ljubazna.
1|Apartman prostran, cist,sa svim sadrzajima koji su potrebni.Sjajno, za svaku preporuku.,
1|Veoma uredno,cisto.Imate sve sto je potrebno,svaka cast!,Sjajno! ğŸ‘,
1|Sve je bilo sjajno.Lepo dvoriste,pogled sa terase je fenomenalan. Parking ispred vile.
1|Tiho, komforno i veoma uredno.
1|Veoma uredan i komforan apartman, domacin odlican. Divno mesto, udobno.. Na sva pitanja je odmah odgovoreno. Bravo!,
1|Apsolutno fantastican apartman. Veliki parking, perfektno cisto svuda. Moje preporuke! ğŸ˜Š,
1|Sve je bilo izvanredno, cisto, toplo za svaku preporuku. ğŸ˜ŠğŸ‘,
1|Udobnost, cistoca, komunikacija, docek... Sve na visokom nivou. Svaka cast!,
1|Sve je novo i udobno, mesto je zaista cisto i uredno. Domacin uvek spreman da vam pomogne i ispuni vase zahteve.,
1|Parking je siguran i bezbedan, sobe ciste i uredne, krevet preudoban, domacin ljubazan... Sve preporuke, prezadovoljni!,
1|Sve je bilo 10+,bez ijedne zamerke. Ljubazno osoblje, higijena na najvisem nivou, toplo, uredno, za sve pohvale.,
1|Bukvalno sve, iznenadjeni smo i odusevljeni, mislim da nismo spavali ili gostovali u boljem apartmanu.,
1|Prava je retkost da je smestaj lepsi uzivo nego na slikama. Svaka cast za dizajn, za enterijer i exterijer. Primecuje se da se jako puno vodi racuna o higijeni i cistoci. Sve pohvale za komunikaciju i gostoprimstvo. Veliki parking, mirno mesto bez guzve i buke. Bajkovit pogled sa balkona.,SAVRSENO,
1|Prijatni domacin, uvek na usluzi. Tiho u okolini, udobni duseci, mnogo lepo se spava. Sve je na svom mestu i cisto. Vidi se da se brine o svakom detalju kako bi gostima bilo ugodno.
1|Vidimo se naredne zime. A mozda i na leto ğŸ‘‹,Za svaku preporuku!,
1|Sve je izuzetno cisto, jos lepse uzivo nego na slikama. Lokacija je odlicna. Divan pogled na delove AP Kosova, Crne Gore i Srbije. Sve pohvale. Druzimo se sledece godine. ğŸ˜Š,PREZADOVOLJNI,
1|Predivan pogled sa balkona. Ubobno i cisto. Odlicno mesto za odmor. Pravi izbor da osetite cari planine.,
1|Vila sredjena do najsitnijih detalja spolja i unutra. Sve je na svom mestu. Ovde cete naci sve sto vam je potrebno od kuhinjskog inventara. Komforno, cisto, udobno, toplo... 10/10,
1|partman prostran, cist, udoban. Pogled odlican, dvoriste uredjeno.. Domacin veoma ljubazan.,
1|Vila ima svoj parking i neverovatan pogled na celo Kosovo.,
1|Kompletan utisak je odlican. Divne gazde, smestaj fantastican ğŸ™‚,
1|Sve je odliÄno, svaka preporuka za porodice ili one koji idu sami.,
1|Toplo preporucujemo ovu vilu. Dozivljaj planine je potpuno drugaciji iz konfora lepe planinske vile sa dvoristem, terasom i druzeljubivim komsilukom. Dodjite i uzivajte u panoramskom pogledu.,
1|Prelepa vila u vikend naselju Kopaonika. Vila je opremljena svim stvarima neophodnim za Å¾ivot tako da je od kuÄ‡e dovoljno poneti samo odeÄ‡u. Sa vlasnikom smo imali odliÄnu komunikaciju i Å¡to se tiÄe predaje kljuÄa i Å¡to se tiÄe plaÄ‡anja. Odlican odnos cene i kvaliteta. Za svaku preporuku!,
1|SmeÅ¡taj nov i Äist sa dobrim prateÄ‡im sadrÅ¾ajima. Do njega vas vodi asfaltni put. Ljubazni i susretljivi domaÄ‡ini. Zaseban ulaz u apartman. Lokacija odliÄna za sve one koji Å¾ele mir i privatnost.,
1|Enterijer je nov i Äist, ljubazno osoblje, ima svoj parking za goste koji se redovno Äisti. Izuzetno je toplo u prostoriji. U kuhinj imate sve Å¡to je neophodno za pripremu obroka. OdliÄno mesto i za duzi odmor.
1|Prostran apartman. Kamin, sauna, prelep pogled. Uredno i uredjeno sa stilom i ukusom. Kuhinja opremljena i za duÅ¾i boravak.,
1|Verovatno najlepse mesto za odmor na Kopaoniku !!! Cista desetka !!!
1|Sve je bilo odlicno,
1|Vila uredjena do nasitnijih detalja. Opremljena svim potrebnim stvarima. Prelepo okruzenje. I predivni domacini.,
1|Lokacija je fenomenalna, daleko od haosa i guÅ¾ve vikend naselja. Mir, tisina, divan pogled. Vila je lepo opremljena, dvoriste takodje grejanje. Saunu smo isprobali viÅ¡e puta, savrÅ¡ena je.,
1|SmeÅ¡taj kakav se ne moÅ¾e naÄ‡i nigde na Kopaoniku. Vila je na fenomenalnom mestu, a iz dvoriÅ¡ta pogled kao sa razglednice.
1|Idealno za odmor i beg od svakodnevnice.
1|Mesto na koje Ä‡u se sa sigurnoÅ¡Ä‡u ponovo vratiti !!!,
1|SavrÅ¡eno. Lokacija, pogled, kamin i sauna kao idealna kombinacija za pravi doÅ¾ivljaj planine..
1|Sve pohvale za domaÄ‡ine. BaÅ¡ kulturani i prijatni ljudi...
1|VraÄ‡amo se prvom prilikom...,
1|Moderna vila u planinskom stilu sa divim pogledom. Svoj naziv ''Rajski kutak'' vila sa pravom nosi.Sve je uredjeno sa ukusom, vodilo se racuna o svakom detalju.Sve je jako cisto i uredno.Wifi je odlican, ima puno TV kanala.Svaki apartman ima zaseban ulaz.Obezbedjen je parking.Grejanje je vrhunsko.Kamin daje posebnu draz ambijentu.Domace rakije za svaku preporuku. Domacica je jako ljubazna.Blizina ski lifta ''Treska''.,/
1|Prelepa vila, apartman sa svim potrebnim stvarima, cist, sve na svom mestu.,
1|Smestaj topao i nov. Domacini divni ljudi, za sve sto vam treba stoje vam na raspolaganju. Vidimo se jos jednom ove zime.,
1|Luksuzan objekat, prelepo dvoriste. Za sve one koji vole da uzivaju u prirodi.,
1|Prelep i moderan apartman, kreveti udobni, sve novo, i cisto.,
1|Mirno, tiho, mesto za pravi odmor, a opet nije daleko od centra.,
1|Ljubazna domacica, cist, uredan i topao apartman.,
1|Prelep ambijent, odlicno opremljen.,
1|Vila je moderna, uredna, prostrana, apartman topao, cist.,
1|Jednom recju-odlicno.,
1|Apartman je predobar, sredjen, cist i ima sve sto je potrebno.,
1|Drugi put boravimo u vili, kao i prvi put sve najbolje. Mir i tisina prilikom boravka.,
1|Vodjeno je racuna o svakom detalju i potrebi gostiju. Spoj luksuza, komfora i topline na jednom mestu.,
1|Asfaltiran put, zaseban ulaz u apartman, sredjeno u modernom stilu. Pogled fenomenalan.,
1|Sve je bilo sjajno. Svaka preporuka!,
1|Apartman poseduje sve sto je potrebno. WiFi radi perfektno.,
1|Grejanje odlicno, cisto, uredno, udobno. Pogled prelep, divno mesto za odmor.,
1|Svaki apartman ima svoj ulaz i ispred svakog sredjeno i poplocano dvoriste.,
1|Sredjen, cist i asfaltiran put do vile. Parking ispred iste.,
1|Svaka preporuka. Cisto, lepo, udobno.,
1|Fenomenalan pogled, odlican domacin.,
1|Sve nam se dopalo, topla preporuka.,
1|Na mirnom mestu, a nije daleko od centra. Apartman je cist i poseduje sve sto je potrebno.,Veoma zadovoljni!,
1|Izuzetan smestaj. Prostrano, cisto, moderno. Svi elementi, uredjaji u apartmanu su ispravni i funkcionalni. Grejanje odlicno.,
1|Savremeno uredjeni i dobro opremljeni, novi apartmani viÅ¡e srednje klase, na predivnom mestu sa lepim pogledom, van guÅ¾ve. Za sve koji vole pravi oseÄ‡aj boravka na planini, a dolaze kolima.,Za ljubitelje lepog prirodnog okruÅ¾enja van turistiÄke guÅ¾ve,
1|Sve je bilo kako smo se dogovorili. Apartman fenomenalno opremljen, cist, uredan, sa predivnim pogledom.,
1|Pravo mesto za odmor.,
1|Smestaj odlican, imali smo bas sve sto nam je bilo potrebno. Za svaku preporuku.,
1|Prezadovoljni smo smestajem, cistocom, sto nam je jako bitno. Domacini jako ljubazni. Sigurno cemo ponovo doci.,
1|Vila ima sopstveno dvoriste, rostilj, tobogan. Apartman cist i udoban.,
1|Miran kraj, lepo, novo.,
1|Odlican WiFi, ogroman broj kanala. Odnos cene i kvaliteta odlican.,
1|Cist apartman, peskiri, cista posteljina, fen za kosu, pegla.. Mirno mesto, divno za odmor.,
1|Elektricni kamin u dnevnoj sobi koji greje, opremljena kuhinja, terasa i pogled fenomenalno ğŸ˜Š,
1|Sve je cisto, luksuzno, fenomenalno.,
1|Sve pohvale!,
1|Divno mesto za odmor.Ususkano, mirno i tiho.,
1|Sve je bilo odlicnoğŸ‘,
1|Apartman prostran, cist i topao. Pogled je fantastican.,
1|cekivanja su i vise nego ispunjena. Osoblje se preljubazno, apartmani cisti, veliki i moderno opremljeni.,
1|Sve je premasilo nasa ocekivanja i savkome ko zeli da poseti Kopaonik, preporucujemo Rajski kutak.,
1|Cista desetka. Vlasnici su mislili na sve. ğŸ‘,
1|Smestaj je pravi mali raj.,
1|Cistoca, lokacija, opremljenost apartmana, ljubaznost domacina... Sve je bilo vise nego odlicno.,
1|Fantasticno sve. Cisto, uredno interesantno. Devojka srdacna i predusretjiva, a nenametljiva...okolina prelepa. Za svaku preporuku.,
1|Izuzetna ljubaznost osoblja, izvanredan mir pruza okruzenje. Apartman komforan, ima sve sto vam treba.,
1|Dopao mi se mir i tisina, a pre svega udobnost i konfornost koju pruza ovaj apartman. Svaka cast za domacicu koja se javila pred nas dolazak i bila jako ljubazna, svaka pohvala za cistocu.,
1|Domacini ljubazni, prijatna atmosfera cini da se osecate kao kod kuce.Apartman preudoban i veoma cist.,Prezadovoljni uslugom,
1|Bilo je divno. Doci cemo ponovo.ğŸ˜Š,
1|Bilo nam je divno u prelepom, novom i cistom objektu. Pohvale za domacina,
1|Imali smo divnu domacicu, apartman je bio cist, uredan, nov. WiFi radi odlicno, parking ispred vile,rostilj... Bilo je sjajno ğŸ‘,
1|Odusevljeni smo, apartman je bas kao sa slike, jos lepsi uzivo. Sve preporuke! ğŸ˜Š,
1|Odlicno mesto za odmor. Uskoro zajedno skijamo. Sve preporuke za vas...,
1|Puno lepih utisaka odneli smo prilikom predhodnog boravka.
1|Na nase prijatno iznenadjenja, ovaj put je otklonjen i jedini nedostatak. Put je asfaltiran do same vile, kao i parkingğŸ‘,
1|Prelepo i mirno mesto, apartman cist i prostran.Laka komunikacija sa domacinima. Cist i asfaltiran put i parking ispred vile. ,
1|Bravo za domacine, sve je bilo na nivou. Od komunikacije, do samog boravka.Cisto,udobno,toplo.'',
1|Divno mesto za uzivanje, sve je bilo na nivou. Sve pohvale, vidimo se opet.,
1|Udobno, toplo,cisto, odlican pogled. Brza i laka komunikacija sa domacinom. Parking ispred vile. Dvoriste prelepo.,
1|Apartman je mnogo lepsi uzivo nego na slikama, pogled je fantastican, svuda je toplo, domacica je veoma ljubazna. Sve preporuke za smestaj, nama se veoma dopalo i sigurno cemo doci ponovo.,
1|Predivno uredjen apartman, fenomenalan pogled, cisto, prijatno, udobno. Wi-Fi radi odlicno. Parking ispred vile... A mogli smo da uzivamo u septembarskom suncu na lezaljkama u dvoristu. '' Sve preporuke ğŸ˜ƒğŸ˜ƒ,
1|Sve je bilo super, cisto i udobno. Domacini ljubazni. Dvoriste prelepo, uzivali smo u celom prostoru. Vidimo se opet! ğŸ‘ğŸ˜,
1|Odlican smestaj, sa savrsenim pogledom. Domacini veoma ljubazni. Za svaku preporuku.,Excellent,
1|Sve je bilo super od komunikacije do higijene, lokacije, ljubaznosti. Doci cu ponovoğŸ˜ƒğŸ¥°ğŸ‘,
1|Ukratko, slike na bukingu i opisi dosta govore. Ono sto smo uzivo videli, je zaista bolje od onog sto je predstavljeno na bukingu.
1|Smestaj je za svaku preporuku.
1|Cista 10-ka ğŸ‘,Savrsena vila, savrsen smestaj!,
1|Ako zelite da se osetite kao kod kuce, da vam se deca divno provedu, da dozivite pravi duh planine, vila Rajski kutak vam sve to pruza. Domacin je divan, za sve mu se mozete obratiti. To pruza dodatni osecaj opustenosti i bezbriznosti. Nema sta 10/10 ğŸ‘ğŸ˜Š,Savrseno! ğŸ˜Š,
1|Cisto i lepo opremljeno, ljubazan docek. Odlican WiFi, veliki izbor tv programa. Dvoriste uredjeno do najsitnijeg detalja. Sve preporuke! '',
1|Odlicno mesto za beg od vrucine. Uzivali smo,kako u apartmanu , tako i u dvoristu. Sve je novo i cisto.U dvoristu postoji tobogan za decu, lezaljke, rostilj, pravi raj za uzivanje.,ODLICNO!,
1|Mirno mesto za odmor i uzivanje. Vila i apartman kompletno sredjeni. Prelepo dvoriste, sa bastanskom klupom za sedenje. Predivno zelenilo u dvoristu i okolini. Tu su i lezaljke. Deca mogu uzivati na toboganu. Kuhinja opremljena, apartman blistavo cist, komforan... Sve u njemu je na svom mestu. Internet odlicno funkcionise.
1|Preporucujemo vas, a mi se vidimo uskoro ponovoğŸ˜€,Divno mesto, divna priroda.,
1|Moderan apartman, vrhunski sredjen.Cisto, udobno. Domacini ljubazni, mogu vam izaci u susret u svemu sto pozelite.,
1|Vila nova, top sredjena i spolja i unutra. Dvoriste osvetljeno i uredjeno, ukraseno cetinarima i cvecem sa puno raznoraznog sadrzaja za decu i odrasle. Pogled iz vile je panoramski. Apartman je kristalno cist, komforan, sa 2 terase, 2 sobe, 2 kupatila i saunom. Tu je i nezaboravni kamin. Sve je za cistu desetku. Domacini prijatni i ljubazni.
1|Sve pohvale
1|Do sledeceg vidjanja ğŸ‘‹ğŸ‘‹ğŸ‘‹,Komfor i luksuz u netaknutoj prirodi,
1|Uzivali smo u udobnosti ovog apartmana. Sve je bilo savrseno. Domacini divni. Sve preporuke.,
1|Lokacija je odlicna, mir i tisina vladaju. Apartman cist, prostran,kuhinja takodje, imate sve sto je potrebno za spremanje hrane. Dvoriste uredjeno, divnim zelenilom i cvecem, ruzama koje upotpunjuju prostor.,
1|Divan pogled na netaknutu prirodu. Odlican apartman, cist, udoban. Internet radi perfektno. Dvoriste uredjeno, sa stolovima i klupama, sa lezaljkama za suncanje. Takodje, postoji tobogan i ljuljaska za decu... Sve preporuke za Rajski kutak. ğŸ‘ŒğŸ‘,Sjajno! ğŸ˜Š,
1|Definitivno vise od ocekivanog. Sve je blistavo cisto i novo, sa svim onim sto vam je potrebno. Zaseban ulaz u apartman. Enterijer i exterijer su uradjeni sa stilom. Internet radi besprekorno. Veliki broj tv kanala. Najlepse uredjeno dvoriste od svih planinskih koje smo do sada videli. A bilo ih je dosta ğŸ˜Š Moze se primetiti da domacini u svemu daju maximum.
1|Uskoro se vidimo ponovo ğŸ˜‰,Sigurno pravi izbor,
1|Apartman je komforan i luksuzno sredjen, sa 4 zvezdice. Bilo je i blictavo cisto, tako da su se deca igrala i na podu. Pogled je fantastiÄan, dve velike terase. Za sve koji vole da spremaju, tu je kompletno opremljena kuhinja. Internet je ful. Objekat se nalazi na mirnom i tihom mestu. Tamam da mozete da uzivate. Dvoriste ogradjeno, uredjeno i osvetljeno, sa vrhunskim sadzajem. Bastanski garniture za sedenje, rostilj,... Ljuljaska i tobogan za decu. Sopstveni parking.
1|Odnos cene i kvaliteta 10/10
1|Vidimo se u julu ğŸ‘,FantastiÄno mesto za odmor i uzivanje,
1|Vila je premasila nasa ocekivanja. Cisto, toplo, preudobni kreveti. Parking. U dvoristu garniture za sedenje, rostilj... Za decu tobogan i ljuljaska. Internet odlicno funkcionisi kako unutra, tako i u dvoristu. Sjajno mesto za odmor. Radujemo se ponovnom dolasku.,Odlican odnos cene i dobijenog,
1|Sve novo lepo...,Miran san,
1|Lokacija je odlicna, pogled je prelep, domacini vise nego ljubazni. Cena je odlicna i sve je kao na slikama. Sauna i kamin su nesto sto ovaj objekat cine kompletnim. Internet je TOP. Dvoriste je nesvakidasnje kada je u pitanju planinski turizam. Drvene garniture za sedenje, rostilj, a tu je i tobogan za decu. 10+,Zaista rajski.. Netaknuta priroda.Sve preporuke,
1|Sveee! Pogled, mir, okolna priroda...Apartman cist i opremljen, dvoriste osuncano, u blizini je vrh Treska dostupan za setnju i nudi neverovatan pogled.,The last section of the road on the way to apartments is rather bumpy, but when you reach the location you'll realise it was worth it.
1|Odlican apartman,moderan sa zasebnim ulazom.Internet radi besprekorno,za sve one koji jos rade od kuce, topla preporuka.Pogled je fantastican. Bilo je super, uzivali smo maksimalno.,
1|Apartman je moderan, udoban, cist. Osoblje je jako ljubazno. Internet odlican. Pogled fenomenalan. Uzivali smo maksimalno. ğŸ˜ŠSve pohvale! ,ğŸ‘ŒğŸ‘,
1|Predivno mesto i priroda. Apartman luksuzan, komforan, cist, sa dve sobe, dva kupatila, velikim dnevnim boravkom sa kuhinjom, a poseduje i saunu. Na obe terase inventar za sedenje gde se posle svake aktivnosti mozete opustiti i uzivati u panoramskom pogledu koji vam se pruza. Da uzivanje bude potpuno, tu je i drvena garnitura za sedenje u uredjenom i cistom dvoristu, kao i lezaljke. Sve u svemu, ovaj luksuz i sadrzaji vrede i vise od cene kostanja.
1|Vidimo se uskoro,KUTAK ZA UZIVANJE,
1|Boravak je bio odlican, bili smo u apartmanu koji ima svoje dvoriste, vreme je bilo divno pa smo mogli da uzivamo na suncu. Slike koje smo postavili govore u to ime.ğŸ˜ŠApartman je vrhunski uredjen, cist, kuhinja takodje poseduje sve pratece elemente za spremanje hrane. Topla preporuka.,Divno!,
1|Odlicna lokacija. Odmor u miru i prelepoj prirodi. Apartman pravi planinski. Drvo, kamen, kamin. Cist i udoban, sredjen sa stilom. Zasebno dvoriste, uredjeno, ogradjeno i osvetljeno. U dvoristu bastanski drveni sto sa klupama, odakle se pruza fenomenalan pogled. Da uzivanje bude potpunije, tu su i lezaljke ğŸ˜Š
1|Bicemo ponovo vasi gosti ğŸ‘,Pravi izbor za proleÄ‡ni i letnji odmor ğŸ˜Š,
1|TOPLA PREPORUKA
1|Sopstveni parking. Dvoriste cisto i uredjeno. Vila prava planinska, dge dominiraju prirodni materijali (kamen i drvo). Apartman sa zasebnim ulazom od spolja, cistim i urednim zasebnim dvoristem i drvenom garniturom za sedenje u dvoristu. Prelepa priroda, a pogled savrsen. Apartman cist, sa podnim grejanjem, srednjen u planinskom stilu, sa kaminom za poseban dozivljaj. NaroÄito pogodno mesto za one koji na planinu dolaze da se odmore u komfornu i udobnosti, kao i uzivaju u miru koji ovde vlada. Mi smo uzivali, a vi po zelji ğŸ˜€ğŸ˜€ğŸ˜€,Odlicno! ğŸ˜Š,
1|Dvoriste uredno, sredjeno i cisto. U dvoristu cesma, rostilj, garnitura za sedenje. Zelenilo sa svih strana, cist vazduh. Apartman cist, luksuzan i jako komforan sa saunom, dva kupatila, dnevnim boravkom, dve sobe i dve terase. 3 lcd tv-a, veliki broj kanala i super brzi internet. Kamin, prostrani i udobni kreveti, na terasama sto i stolice za sedenje, pogled iz snova.
1|Sve u svemu savrseno. Doci cemo ponovo.,
1|Nas prvi izbor pri narednom dolasku na Kopaonik
1|Smestaj prostran i cist. Lepo dvoriste, pogodno i za decu. Ljubazni domacin. Odlicna lokacija.
1|Sve pohvale i preporuke,
1|Sve je bilo savrseno. Sopstveni parking ispred vile. U prelepo uredjeno i ogradjeno dvoriste sa garniturom za sedenje. U apartmanu je sve cisto i uredno, da se osetite lepo i prijatno. Prostor posebno oplemenjuje kamin u dnevnom boravku. Grejanje je podno. Posebno bih naglasili brzinu interneta. Odlicna lokacija za setnju i uzivanje. Pogled neverovatan.
1|Sve preporukeğŸ‘,
1|Apartman u kom smo bili ima zaseban ulaz od spolja, sto pruza jednu potpunu privatnost. Koliko smo mogli da primetimo svi apartmani su sa zasebnim ulazom. U apartmanu je sve cisto i novo, uklopljeno u jednu top celinu. Kreveti komotni i udobni. Kuhinja potpuno opremljena. Tv uredaj u sobi i dnevnom boravku, sportski kanali ğŸ˜€ Prostor posebno oplemenjuje kamin. Iz dnevnog boravka se izlazi na terasu, na kojoj se moze i odsesti, nesto popiti i uzivati u prizoru prelepe prirode.,Odlicno,
1|Nova vila, prelepo sredjena, na lepom i mirnom mestu. Dvoriste sredjeno, ogradjeno, osvetljeno, sa rostiljom i garniturama za sedenje i uzivanje u prirodi. Apartman uredan, cist, topao, komforan, TOP sredjen. Poseduje i kamin. Kao da je sredjen za sopstvene potrebe, a ne za izdavanje. Ima dve sobe, dva kupatila, sopstvenu saunu,... Poseduje i dve terase na kojima je i inventar za sedenje, te se uz kafu moze uzivati u prelepom pogledu koji se pruza. Vila je pogodna za one koji daju prednost mirnom i prirodnom ambijentu. Apsolutni mir i tisina cine spavanje vrhunskim. Vrh Treska (1622mnv) je svega na 1km od objekta, ta ako vam vreme dozvoljava nemojte propustiti da se popnete i uzivate u prozoru za pamÄ‡enje.,
1|Vila Rajski kutak je prevazisla nasa ocekivanja. Sopstveni parking i extra uredjeno dvoriste sto i nije bas uobiÄajeno za planinu. Apartman u kom smo boravili je na 2 nivoa, nov, cist, udoban, izuzetno konforan i funkcionalan. Na prvom nivou su hodnik, kupatilo, sauna i veliki dnevni boravak sa velikom kuhinjom (cak i za kucne potrebe ğŸ˜Š), sankom i svim potrebnim stvarima. Na drugom nivou su hodnik, kupatilo i dve komforne sobe, od kojih je jedna sa izlazom na terasu, odakle mozete uzivati u prizoru za pamcenje. Sa terase sobe, kao i sa terase dnevnog boravka se vidi i vrh Treske, kao i Pancicev vrh. Kreveti su komotni i jako udobni. Obe sobe kao i dnevni boravak imaju tv uredjaje sa velikim brojem kanala. Internet je jako brz i radi besprekorno. Za poseban ugodjaj, tu je i kaminğŸ˜€
1|Vidimo se ponovo,
1|Apartman je moderan, udoban, prostran. Higijena na besprekornom nivou. Osoblje ljubazno. ğŸ˜ŠğŸ‘Œ,ODLICNO,
1|Divno mesto, prelepa vila. Domacini ljubazni, ucinili su sve da se osecamo kao kod kuce. Vila opremljena svim i svacim. Cista i topla. Internet radi besprekorno.,
1|Odmorom u Vili Rajski kutak bili svi vise nego zadovoljni. Kreveti komforni i udobni za spavanje, supruga opremljenom kuhinjom, a deca iternetomğŸ˜€,Najbolji odmor,
1|Dvoriste prelepo i ogradjeno, straze u dvoristu uredjene, postoji spoljni inventar (garniture za sedenje, rostilj, cesma,...). Vila nova i sredjena u planinskim stilu. Cista, komforna, sa svim potrebnim stvarima u kuhinji, sobi, dnevnom boravku. Terasa sa koje se pruza nestvarni pogled opremljena stolom i stolicama za uzivanje u caju, kafi,... Za potpuno uzivanje tu je i kamin. Preporuka za sve koji razmisljaju o odmoru na planini. Bilo da se radi o zimskom ili o letnjem ğŸ‘,
1|Sve je kao na slikama. Vila je nova i potpuno sredjena spolja i unutra. Svaki detalj je na svom mestu. Ogroman broj tv kanala. Internet radi besprekorno. Pogled sa terase je caroban. Sopstveni parking. Odlican odnos cene i kvaliteta. Moze se reci da smo za potroseni novac dobili i vise. U junu se vidimo ponovoğŸ‘‹ğŸ˜€,
1|Objekat odgovara onom na slikama. Odlicno sredjen i izuzetno cist. Dvoriste prelepo, sa ful sadrzajem, takodje cisto. Najbolji Internet od svih turistiÄkih objekata koje smo do sada posetili.  ğŸ‘,
1|Prelepa vila na prelepom mestu. Odise cistocom. Sopstveni besplatan parking. Odlican odnos cene i kvaliteta. Vracamo se. ğŸ˜Š,
1|Predivan kutak na Kopaoniku. Pravi rajski. Dvoriste sa garniturama za odmor i razgledanje ciste prirode. Mir i tisina. Pogled sa terase je divan. Vila opremljena bukvalno svim potrebnim stvarima. Kreveti komforni i udobni. Sama cinjenica da cemo doci ponovo sve govori. ,ğŸ‘ğŸ‘Œ,
1|Vila uredjena do najsitnijim detalja. Opremljena sa svim potrebnim stvarima. Uredna i cista. Dvoriste sa svim sadrzajima. Uredjenije od bilo kog dvorista koje smo videli na planini. Divni i ljubazni domacini. Internet 10/10.,
1|Objekat prelep, a priroda i okruÅ¾enje nestvarni. Prijatan i topao ambijent. Panoramski pogled. Za sve one koji rade od kuce, topla preporuka. Mir i tisina. Internet je TOP. Kreveti komforni i vise nego udobni. Cista desetka.,Divno,
1|Smestaj je potpuno nov i cist. Internet Top. Ljubazni i susretljiv domacini. Lokacija odlican za sve koji zele mir i privatnost. Pogled sa terase samo moze da se pozeli. Terasa poseduje sto sa stolicama za uzivanje. Dvoriste je opremljeno rostiljom i drvenom garniturom za sedenje. Do sledece susreta ğŸ‘‹,RAJSKI,Nije bilo slobodno za dalji boravak
1|Vila se nalazi u mirnom delu, daleko od buke. Domacini izuzetni, uvek tu da pomognu. Sve je novo, cisto, kreveti prostrani udobni. Objekat je opremljen svim potrebnim stvarima. Jednom recju 10/10,
1|Objekat odgovara onom na slikama. Nudi cak i vise. Odlicno sredjen, cist i uredan. Za domacine je malo reci da su ljubazni. Sve pohvale ğŸ‘ğŸ‘ğŸ‘,Divno iskustvo,Sto smo bili kratko
1|Prelepo i mirno mesto. Vila poseduje sve sto je potrebno. Iz dosadaÅ¡njeg iskustva nismo boravili u komotnijem i sredjenijem smestaju. Vidi se da se u sredjivanje kako spoljasnjeg prostora, a tako i unutrasnjeg nije zalilo. Vidimo se ubrzo ponovo.,SAVRSEN ODMOR,
1|Vila kao u bajci. Dvoriste uredjeno, ogradjeno, osvetljeno, sopstveni parking. U dvoristu garnitura za sedenje, rostilj... Apartman nov, jako konforan, sa podnim grejanjem, sredjen sa stilom i toplinom. Pogled iz vile je savrsen. Nadam se da cemo ponovo uzivati.,PRAVI RAJSKI KUTAK,
1|Nova i prelepa vila, uradjena sa stilom. Apartman cist, uredan, skladno sredjen i vise nego konforan. Dve sobe, dnevni boravak, dva kupatila, dve terase. Pogled iz snova. Dvoriste ogradjeno, osvetljeno, prelepo sredjeno. Poseduje garnituru za sedenje i rostilj. U okviru objekta nalazi se i sopstveni besplatan parking. Vidimo se uskoro.,Sjajno ğŸ˜Š,
1|Nov i prelep apartman. Cist, potpuno opremljen novim i svim potrebnim stvarima. Sredjen u modernom stilu. Poseduje i kamin koji posebno oplemenjuje prostor. Iz dnevnog boravka se izlazi na terasu sa koje se pruza prelep pogled, na kojoj se nalazi sto sa stolicama za uzivanje.,Top ğŸ‘Œ,
1|Top sredjen i konforan apartman. Potpuno nov, sa dve spavaÄ‡e sobe(iz jedne se izlazi na terasu), dva kupatila, saunom i velikim dnevnim boravkom koji izlazi na terasu. Terase su opremljene sa stolicama i stolovima gde se moze popiti kafa i uzivati u prelepom pogledu. U dvoristu su sto i drvene klupe za sedenje koji moÅ¾e pored uzivanja u prirodi posluziti i za uzivanje u rostilju koji je takodje sastavni deo dvorista. ,
1|Apartman sa zasebnim ulazom od spolja i sopstvenim dvoristem. Vila kao i apartman su potpuno novi, prelepo sredjeni. Opremljen u potpunosti, poseduje i kamin koji daje potpunu toplinu celom enterijeru. Moze se odsesti i u dvoristu u kom se nalazi drvena garnitura za sedenje, odakle imate savrsen pogled na Srpska i Kosovska brda, kao i na Pancicev vrh. Dolazimo ponovo. ğŸ‘ŒğŸ˜Š,SAVRSEN ODMOR ğŸ˜Š,
1|Sve mi se dopalo.Ususkana, domaca atmosfera, apartman odlican, kao i osoblje. Za svaku preporuku!,
1|Higijena na besprekornom nivou. Jedan od retkih smestaja gde smo se osecali kao kod kuce. Izvanredna komunikacija sa domacinima.,Sjajno!,
1|Apartman u kom smo bili je veci od vecine u kojima smo bili na Kopaoniku (ima 2 sobe, u svakoj pravi bracni i jedan jednosed),dva kupatila, sauna. Parking odmah ispred vile. Domacini odlicni.,
1|Sve je novo, uradjeno sa ukusom. Miran i tih kraj. Prelep apartman. Kuhinja opremljena full.
1|Bilo nam je jako lepo.,
1|Prostran nov apartman u novom modernom objektu. Izuzetno udoban, cist sa svim potrebnim sadrzajima.
1|Za svaku preporuku.,Odlicno,
1|Sve je bilo i vise nego zadovoljavajuce. Usluga top, osoblje ljubazno i prijatno. Svaka preporuka.,
1|Odlican apartman, kao sa slika. Domacini divni ugostitelji sve se resava u dogovoru i to jako brzo i efikasno. U sklopu apartmana mozete uzivati u sauni. Kuhinja je kompletno opremljena, sve sto zamislite, imate. ğŸ˜ŠğŸ‘,Izuzetno!,
1|Udobno, cisto, toplo, pogled fenomenalan.ğŸ‘ğŸ‘Divno je bilo i vraticemo se opet.,
1|Odlican apartman, lokacija takodje. Uredjen sa stilom i jako cist. Odlican odnos cene i kvaliteta. Divno osoblje. ,ğŸ‘Œ,
1|Vila je nova, apartman sa zasebnim ulazom, ful opremljen. Apartman poseduje i kamin. Dvoriste potpuno opremljeno i ogradjeno. Sve, kako spolja, tako i unutra je uklopljeno u jednu top celinu. Domacin ljubazan i predusretljiv. Uzivali smo. Radujemo se novom dolasku.,
1|Novo, cisto, izuzetno toplo,parking ispred, odlican raspored, komoditet, ljubazno i predusretljivo osoblje.Kuhinja izuzetno opremljena. Lokacija odlicna za sve koji vole mir i privatnost. Pogled fantastiÄan. ğŸ˜Š,SJAJNO,
1|Predivna vila, divni domacini. Cist, udoban i topao apartman,predivan pogled iz istog. Lokacija je fenomenalna i pruza potpuni mir. ğŸ˜Š
1|Radujemo se ponovnom dolasku!,DIVNO!,
1|Smestaj je bio odlican. Lokacija je fenomenalna i pruza potpuni mir. Pogled iz apartmana je savrsen. Sam apartman je odlicno opremljen. Tu je i kamin, sto citav prostor cini jos bogatijim. Sve pohvale za domacine. Bas kulturni i prijatni ljudi. Vracamo se prvom prilikom.,
1|Pogled je izvanredan! Sve pohvale za domaÄ‡ina!
1|Za svaku preporuku,
1|Sve je bilo odlicno! Cisto, sve je blistalo. U kuhinji je bilo sve potrebno od posudja, takodje imao je mikser, toster, pegla, fen..Posteljine, peskiri mirisni, uzivali smo u toj cistoci! Nismo mogli da primetimo ni trunku prasine.SVE POHVALE! Bicemo vasi gosti ponovo! Samo tako nastavite! ğŸ‘ŒğŸ‘ğŸ‘,PERFEKTNO!,Sve nam se dopalo. Nemamo negativnih komentara.
1|Apsolutno sve nam se dopalo. Po drugi put smo gosti ove predivne vile, sve je perfektno. Sada smo uzivali u dvoristu vile uz rostilj koji je dostupan gostimağŸ˜Š Sve pohvale za cistocu i ljubaznost! U apartmanu je obezbedjeno sve sto nam je bilo potrebno, sve je novo. Ova vila je zaista predivna, cista desetka!!! Doci cemo opet! ğŸ‘ğŸ‘ğŸ‘,
1|Sve uklopljeno u jednu top celinu.
1|Cisto, uredno, skladno, novo!
1|Svaki apartman zaseban ulaz, podno grejanje, pogled savrsen.
1|Sve pohvale!,Put do objekta
1|Vila je nova, prelepo uredjena, apartman u kojem smo bili ima sopstvenu saunu, podno grejanje u celoj vili, preudobni kreveti, kuhinja odlicno premljena.
1|Pogled sa terase je savrsen!
1|Gazde divne, uvek tu da pomognu.
1|Ukratko- pravi mali Rajski kutak :-),Sve je bilo odlicno
1|Pogled sa terase se ne moÅ¾e platiti. Bilo nam je prelepo! OdliÄna lokacija za detox i pravi odmor od guÅ¾ve.,
1|DoÄekala nas je divna Å¾ena, objasnila nam sve i uputila nas na najzanimljivije delove Kopaonika jer smo tu prvi put.
1|Apartman je nov, Äist prostran i udoban. Pogled je sjajan!
1|Mi smo bili sa dvoje dece i super smo se proveli.
1|Lep prilaz zgradi, obezbedjen parking bukvalno ispod prozora. Vozilo je stalno na oku.
1|Komsiluk je dobar, i sto je najbitnije nema buke.
1|Na 5 minuta od glavnog skijalista, na 100 metara su Kraljevi Cardaci i fenomenalan spa centar.
1|Da sumiram, sjajan apartman ukoliko zelite da vam smestaj bude lep, udoban i moderan.
1|Sve pohvale, mi cemo doci opet na zimu.,Izuzetan,
1|Apartmani â€œLAZARâ€ i â€œLENAâ€,10,Prelep apartman, za boravak u vecoj grupi savrsen. Nazalost kratko sam ostala ali svakako cu se vratiti :)
1|Jako uredno, domacica prijatna, sve lepo objasnjeno za savrseno funkcionisanje na odmoru.
1|SmeÅ¡taj je lep i nov. Osoblje je veoma ljubazno i usluÅ¾no posebno devojka koja radi na recepciji za nji sve pohvale.
1|Vlasnik je ispao jako korektan i dozvolio nam da ostanemo u apartmanu do sjutra vece
1|Jednom recju odusevljeni smo! Pogled iz apartmana kao iz snova.
1|Sa terase uz kafu gledanje zalaska sunca, prelepa priroda i okolina. SmeÅ¡taj udoban, komfor u malom.
1|Ljubaznost domaÄ‡ina je na vrhunskom nivou
1|Jako lep apartman sa svim potrebnim stvarima, kuhinja poseduje sve ono Å¡to je potrebno tokom boravka
1|Postoji organizovani prevoz od hotela Zoned do centra Kopaonika. Nekoliko polazaka ujutru i nekoliko uvece pred zatvaranje staza
1|Odlican pogled na planinu, udobni kreveti, higijena na odlicnom nivou, apartman skroz opremljen.
1|Apartman se nalazi u hotelu Buket sa 4 zvezdice i usluga je odlicna! Veliki spa centar sa svim sadrzajima! Vidimo se opet!
1|Odlicna lokacija. Sve preporuke.
1|Ma sve je super!
1|Imate svoj komfor, a moÅ¾ete da koristite sve usluge hotela. Uvek Ä‡u dolaziti ovde kad budem na Zlatiboru â¤ï¸
1|Sve je bilo savrÅ¡eno!!!
1|Apartman je odliÄan, za svaku pohvalu. Lepo sreÄ‘en kao na fotografijama, domaÄ‡in jako ljubazan i prijatan, blizu centra sa velikim parkingom. PreporuÄujemo!
1|Higijena 10+ Apartman odlicno opremljen, namestaj je nov i jako udoban, posteljine mirisljave i savrseno ciste. Ljubaznost i azurnost domacina je za cistu desetku. Dostupna usluga ciscenja apartmana uz doplatu (zamena peskira, posteljine) sto me je prijatno iznenadilo. Ljubaznost i azurnost domacina je za cistu desetku.
1|Odlican hotel i apartman..
1|Apartman je cist, moderan, vrlo dostupan i blizu samog centra. Nalazi se u okviru hotela Buket u kome ima i decija igraonica sto nas je posebno odusevilo. Takodje je pristupacan i Spa centar koji ima prelepe bazene.
1|ÄŒisti i uredni apartmani, mirna lokacija i odliÄan doruÄak. Apartman se nalazi u hotelu Buket, stvarno sve preporuke!
1|SmeÅ¡taj uredan i Äist, Olja kao domaÄ‡in izvanredna, niko nam joÅ¡ nije bio na usluzi kao ona. KonaÄno smo i za u buduÄ‡e naÅ¡li smeÅ¡taj koji nam odgovara.
1|lokacija i opremljenost objekta. objekat je opremljen svim potrebnim sadrzajima. namestaj kvalitetan i funkcionalan. posudja i sredstava za ciscenje u izobilju. prelepa terasa.
1|Mnogo reÄi a sve stanu u - savrÅ¡eno. Odmor koji Ä‡e moji klinci pamtiti zauvek. Mi smo svoje mesto na Zlatiboru naÅ¡li a i novu prijateljicu.
1|Savrsena lokacija. Olja je izuzetno ljubazna. Tih apartman idealan za odmor. Parking pored apartmana.
1|Apartman prelep, ispunjava potrebe cele porodice, rado cemo ponovo doci
1|lokacija i opremljenost objekta. objekat je opremljen svim potrebnim sadrzajima. namestaj kvalitetan i funkcionalan. posudja i sredstava za ciscenje u izobilju. prelepa terasa.
1|Izvanredan smeÅ¡taj i ljubaznost domaÄ‡ina
1|Kuca prava planinska, za potpuni ugodjaj i uzivanje., opasana zlatiborskim livadama. Preporucujem posebno za porodice sa decom
1|prelep smestaj, odlicno opremljen, prelepa lokacija na mirnom mestu, sve preporuke! prijatno osoblje, dobar internet.
1|Dobra i kvalitetna usluga,prijatno osoblje higijena besprekorna.
1|Hotel je nov, na lepoj lokaciji vrlo blizu centra, a ipak uÅ¡uÅ¡kan u borove Å¡to svakako Äini boravak i odmor u sobi ugodnijim i lepÅ¡im za spavanje i budjenje. DoruÄak i veÄera su izvrsni, bogat izbor, menja se ponuda na Å¡vedskom stolu na dnevnom nivou.
1|Spa centar i bazen su prijatni za boravak i uÅ¾ivanje, a masaÅ¾e su doprinele kompletnom ugodjaju. PreporuÄila bih hotel kako parovima, tako i porodicama sa decom i svima koji Å¾ele da uÅ¾ivaju u lepom odmoru jer Agape nudi vrlo lep sadrÅ¾aj za sve uzraste.
1|Hotel, lep,cist,sadrzajan.Osoblje ljubazno,bazen lep i cist.Masaza je bila odlicna..Dorucak odlican,raznovrstan.Apartman cist.Sve u svemu odlicno,preporucujem svima.
1|sve je bilo fantastiÄno, hotel je odliÄan, osoblje preljubazno, wifi odliÄan, bazen takoÄ‘e. nemam apsolutno nikakvu zamerku. sigurno dolazim ponovo
1|Hotel je nov, vrhunski sredjen, osoblje ljubazno i predusretljivo. Do hotela je lako doci a blizu je centra.
1|Olican hotel, na dobroj je lokaciji i ima prostran parking. Osoblje je ljubazno. Cistoca je na zavidnom nivou. Hrana je za svaku pohvalu.
1|Odlican hotel, dorucak fantastican, wellnes i spa zona za svaku pohvalu, osoblje veoma ljubazno..
1|Veliku izbor hrane za doruÄak. Sve je super!!!
1|Sve,prezadovoljni smo,dolazimo opetğŸ˜‰
1|sve preporuke lokacija, ÄistoÄ‡a, hrana, spa odliÄno
1|Moram da pohvalim hranu, bila je sveÅ¾a, odliÄno spremljena i raznovrsna. MoÅ¾e se naÄ‡i poneÅ¡to za svaÄiji ukus, Äak i za one probirljive.
1|Äakuzi i sauna su odliÄni. Kvalitet koji nude zasluÅ¾uje viÅ¡e od tri zvezdice. Sve preporuke!
1|Lokacija,smestaj,usluga,osoblje ljubazno i nasmejano
1|Jako ljubazno osoblje, raznovrsna hrana, uredne i ciste sobe, sadrzajan spa centar. Bilo je snega i sve pohvale za ljude koji odrzavaju i ciste sneg ispred i iza hotela.
1|otel izuzetnog kvaliteta. Osoblje ljubazno i profesionalno. DoruÄak raznovrstan. Spa perfektan. U hotelu smo imali i viÅ¡e od oÄekivanog. Osoblje koje misli na sve do najsitnijih detalja. U hotelu je bio i komplet za Å¡ivenje. Jedva Äekamo da se ponovo vratimo. Idealan u svakom smislu. 10+
1|Predivno osoblje, odliÄan SPA, Äista i uredna soba.. ceo hotel fino miriÅ¡e.. Imali smo obezbedjen parking.. odliÄna hrana.. blizu centra Zlatibora.. odliÄna igraonica..Zaista sve preporuke i pohvale.
1|Na jako dobroj lokaciji. Van centra koje izgleda kao gradiliÅ¡te, a na samo 5 minita hoda od jezera. Predivno osoblje koje nam je ulepÅ¡alo boravak
1|Sve mi se dopalo ğŸ™‚. Odlican hotel mi smo odusevljeni a i cerkica koja je bas uzivala. Sve pohvale za ljubazno osoblje â¤ï¸
1|Izuzetan hotel, za svaku preporuku! Ljubazno osoblje, divan raznovrsna dorucak, Äisto i uredno! Spa odliÄan. Dobije te puno vise u odnosu na cenu
1|zuzetno ljubazno osoblje, sve je Äisto i uredno. Lokacija odliÄna, spa je besprekoran. OdliÄan odnos cene i pruÅ¾ene usluge.
1|ljubazno osoblje i odlicna hrana,u hotelu se sve nalazi da nema potrebe izlaziti iz hotela ğŸŒ¸
1|Izuzetan hotel, lokacija odliÄna, sve pohvale za osoblje i higijenu u hotelu. Svi sadrÅ¾aji su odliÄni baÅ¡ kako je opisano u ponudi. Spa je odliÄan, temperatura vode u bazenu odliÄna 28CÂ°
1|Sve je bilo super.. Prelepooo
1|Dorucak fantastican. Lokacija odlicna
1|hotel je izuzetno cist, osoblje jako ljubazno i prijatno, dorucak je na bazi svedskog stola, veliki izbor jela,u okviru hotela ima bar sa normalnim cenama,
1|OdliÄan smeÅ¡taj,hrana, bazen,usluga! Sve vrhunski ğŸ‘
1|OdliÄna usluga, dobra lokacija, dobar sadrÅ¾aj za decu kao i spa sadrÅ¾aj... Svakako viÅ¡e od oÄekivanog za ovu kategorizaciju hotela. OdliÄan izbor za porodicu.
1|Sve je bilo savrseno!!! Odlican dorucak, vrlo vrlo ljubazno osoblje, cistoca za desetku, zaista bez ikakvih zamerki!
1|Sve je bilo super jako sam se lepo proveo, ali najviÅ¡e mi se dopalo to Å¡to su svi bili jako ljubazni. Svaka Äast svima!
1|Hrana je dobra, smestaj pristojan i cisto je.
1|Hotel jako lep, sve cisto, lep wellness centar, hrana odlicna, osoblje ljubazno. Lokacija hotela odlicna. Preporuka za bracne parove i sa i bez dece.
1|DoruÄak i Lokacija.Pohvale za osoblje naroÄito konobara u restoranu i cafeu
1|Sve je bilo savrseno!
1|DoruÄak je odliÄan sa prelepom lokacijom koja je blizu jezera i crkve u oÄuvanom delom Zlatibora sa pogledom na prirodu koja nije okovana betonom...lep manji hotel za boravak sa porodicom sa ljubaznim osobljem...lepo ureÄ‘en kako enterijer tako i eksterijer koji je u harmoniji sa okolinom
1|OdliÄan hotel. Novo je sve, Äisto i udobno. Svi zaposleni su vrlo ljubazni i na usluzi. Nemam nikakvih zamerki, vidi se da mesto vode vrlo posveÄ‡eni ljudi. Definitivno dolazimo opet.
1|Dorucak, lokacija, udobnost i osoblje iznad svegaâ™¥ï¸jer se zaista trude da u svakoj situaciji ucine najbolje za gosta.
1|Dorucak je bio super, obilan, svaka pohvala
1|OdliÄan
1|sve je bilo predivno,prezadovoljni smo izasli iz hotela..Personal je bio izuzetno ljubazan,dorucak preobiman..Sobe uredne,ciste sa svom opremom..U Welnes spa centru isto tako ljubaznost osobllja,cistoca,sve na nivou ..Sve pohvale..Vidimo se sledecom prilikomğŸ™‚
1|Uredno, Äisto, ljubazno osoblje, odliÄna hrana
1|Sve preporuke za ovaj hotel.Usluga odliÄna, osoblje prijatno i uvek na usluzi.
1|Jer je hotel potpuno prilagodjen deci prema sadrÅ¾aju i bezbednosti. Osoblje je vrlo prijatno.
1|DoruÄak oslican, lokacija fenomenalna.Spa centar Äist, uredan... Svaka Äast
1|Iznad oÄekivanja.
1|Sve je bilo izuzetno. Osoblje sjajno, hrana super , spa interesantan i praktican....
1|Prezadovoljni smo boravkom, hotel cist i uredan sve je kao po dogovoru. Osoblje vrlo ljubazno. Hvala za divan vikend â¤
1|Srdacno osoblje.Fenomenana cistoca.Odlica dorucak.Veoma blizu centra.
1|Osoblje ljubazno, hotel Äist, lepo uredjen, doruÄak fenomenalan...
1|Sve je bilo odlicno..Dorucak je top..bazen sauna lokacija sve odlicno.Kompletno osoblje je ljubazno.
1|Dopalo nam se sve, a pre svega, ÄistoÄ‡a, koja je na visokom nivou, kao i profesionalno osoblje. Topla preporuka!
1|Odnos cijene I kvaliteta je dobar. Sve pohvale za osoblje,cistocu, lokaciju i sadrzaje.